--
-- Script was generated by Devart dbForge Data Generator for MySQL, Version 1.5.26.0
-- Product Home Page: http://www.devart.com/dbforge/mysql/data-generator/
-- Script date 19.10.2015 23:19:09
-- Target server version: 5.6.26-log
-- Target connection string: User Id=root;Host=localhost;Database=pbdsis;Character Set=utf8
--



SET NAMES 'utf8';
USE pbdsis;

--
-- Inserting data into table clients
--
INSERT INTO clients(id, name, contact) VALUES
(1, 'Britteny Jacoby', 'Jacoby9@example.com'),
(2, 'Henry Vincent', 'IndiraXRyder@example.com'),
(3, 'Dora Forrest', 'MeridithJensen721@example.com'),
(4, 'Elvina Mclain', 'BobetteY_Cintron44@nowhere.com'),
(5, 'Valentine Caswell', 'GradyG2@nowhere.com'),
(6, 'Ronna Fielder', 'CalebEsposito9@example.com'),
(7, 'Kasey Pak', 'Cross742@nowhere.com'),
(8, 'Sherlyn Beavers', 'Russell9@nowhere.com'),
(9, 'Dorian Orourke', 'Micki.Y.Seiler2@example.com'),
(10, 'Max Jensen', 'Hazel.Tremblay81@example.com'),
(11, 'Christy Garvey', 'seade6400@example.com'),
(12, 'Ute Blanco', 'Davis.Giordano62@nowhere.com'),
(13, 'Lyndon Brumfield', 'LeandraLadner2@example.com'),
(14, 'Lecia Ferris', 'TishaWray3@example.com'),
(15, 'Renaldo Bowens', 'Jennefer_Mcdonough51@example.com'),
(16, 'Jana Rinaldi', 'Bolduc@nowhere.com'),
(17, 'Jarvis Becerra', 'DougSumner@nowhere.com'),
(18, 'Hildegarde Akers', 'QuintonCrowell3@nowhere.com'),
(19, 'Sammy Blythe', 'Hurd3@example.com'),
(20, 'Darren Johnston', 'FidelMccord323@nowhere.com'),
(21, 'Buford Joe', 'Easton@example.com'),
(22, 'Eliseo Chapa', 'Johana_Gann664@example.com'),
(23, 'Clarisa Byers', 'Barnhill@example.com'),
(24, 'Winnifred Mortensen', 'cnaqk5126@nowhere.com'),
(25, 'Tuan Olsen', 'Willoughby99@example.com'),
(26, 'Alfred Bertrand', 'RhonaArriaga@example.com'),
(27, 'Tiffaney Jett', 'FelipeOleary@example.com'),
(28, 'Shaunta Ostrander', 'ShoshanaOWalling333@nowhere.com'),
(29, 'Emanuel Putnam', 'Childs417@example.com'),
(30, 'Merle Dawson', 'orxvxnzx_ljrzvvh@example.com'),
(31, 'Deetta Mcrae', 'MarionRenfro288@nowhere.com'),
(32, 'Lamar Flanagan', 'Bradford312@example.com'),
(33, 'Cleo Stearns', 'Norman@nowhere.com'),
(34, 'Moriah Fitts', 'Dukes@example.com'),
(35, 'Era Priest', 'BrigetteRowell@nowhere.com'),
(36, 'Odell Kruger', 'Epstein31@nowhere.com'),
(37, 'Tajuana Barclay', 'vghu781@example.com'),
(38, 'Evelin Starks', 'Ruth@example.com'),
(39, 'Hershel Gardner', 'Lanier@nowhere.com'),
(40, 'Gabriele Oldham', 'wzapf576@example.com'),
(41, 'Wiley Guinn', 'Beula_Carl@example.com'),
(42, 'Vaughn Sears', 'KellieLeyva@example.com'),
(43, 'Raymond Davenport', 'qlbofq24@example.com'),
(44, 'Dustin Carlisle', 'Mayfield785@nowhere.com'),
(45, 'Jody Nelson', 'Henrietta.Sisson99@example.com'),
(46, 'Tula Goff', 'Abernathy274@example.com'),
(47, 'Brittni Olds', 'Villa@example.com'),
(48, 'Krysta Stull', 'Jensen92@example.com'),
(49, 'Gabriel Moser', 'Chad.Dupre43@example.com'),
(50, 'Dominique Fugate', 'MiyokoHerbert@nowhere.com'),
(51, 'Frederick Matheson', 'FaustinoEldridge255@nowhere.com'),
(52, 'Maryjane Vega', 'MatthewVElston282@example.com'),
(53, 'Adan Teeter', 'Dorian.Church@example.com'),
(54, 'Keira Heckman', 'BrantLam@example.com'),
(55, 'Preston Larue', 'DaveHollis@example.com'),
(56, 'Claudette Iverson', 'Mcgraw@example.com'),
(57, 'Major Burroughs', 'Devine@example.com'),
(58, 'Davis Giordano', 'Daily@nowhere.com'),
(59, 'Glenn Chatman', 'Nichols@example.com'),
(60, 'Dino Kelleher', 'DurrG91@example.com'),
(61, 'Rafael Oconnell', 'ValenciaW.Sparkman@example.com'),
(62, 'Elroy King', 'LovellaP.Sanborn8@example.com'),
(63, 'Corrinne Brink', 'BlaineComstock434@example.com'),
(64, 'George Marcus', 'Gavin.Ison@example.com'),
(65, 'Charles Frazer', 'HeikeTownsend@example.com'),
(66, 'Courtney Barrett', 'RoseannaHanson@example.com'),
(67, 'Milda Escobedo', 'MalisaBellamy177@nowhere.com'),
(68, 'Perry Wray', 'Hedrick531@example.com'),
(69, 'Korey Canady', 'Huston54@example.com'),
(70, 'Kacy Mcwhorter', 'stapcrg856@example.com'),
(71, 'Donny Aguilera', 'AllegraNaranjo295@nowhere.com'),
(72, 'Malcolm Dehart', 'MozellGirard@example.com'),
(73, 'Harland Hayward', 'Willian.Hollingsworth776@nowhere.com'),
(74, 'Dylan Damron', 'Mirta.Navarro1@example.com'),
(75, 'Isaias Blanchard', 'JaegerS15@example.com'),
(76, 'Buford Vanhoose', 'SolomonXKirk884@example.com'),
(77, 'Normand Boatwright', 'GunnS@example.com'),
(78, 'Hugh Toliver', 'AldaLeighton753@example.com'),
(79, 'Min Leeper', 'MinhXMacdonald1@example.com'),
(80, 'Werner Rousseau', 'Tiffany.Neff@example.com'),
(81, 'Elroy Jeffries', 'Tiffanie_Majors73@nowhere.com'),
(82, 'Doug Sumner', 'Maxwell713@nowhere.com'),
(83, 'Malvina Atwood', 'ZaneLandrum@example.com'),
(84, 'Ladonna Vanmeter', 'Zook811@example.com'),
(85, 'Len Caldwell', 'Ybarra@nowhere.com'),
(86, 'Quinton Crowell', 'MitchelSorenson@example.com'),
(87, 'Jerrold Robbins', 'CelestaCoffin@nowhere.com'),
(88, 'Jeromy Stidham', 'zhuaeuot_cenwkepxz@example.com'),
(89, 'Jon Rapp', 'Shantell_A.Rupp@example.com'),
(90, 'Marylin Levesque', 'Broome55@nowhere.com'),
(91, 'Humberto Archie', 'Sparks@nowhere.com'),
(92, 'Belva Bertram', 'Gino_Pittman@nowhere.com'),
(93, 'Misty Petty', 'Duke6@example.com'),
(94, 'Sharla Rizzo', 'SimonCasper3@nowhere.com'),
(95, 'Fidel Mccord', 'Towanda_Breedlove@example.com'),
(96, 'Rico Peck', 'Curtis_Freeman@nowhere.com'),
(97, 'Broderick Dooley', 'Wilber.Ashcraft739@example.com'),
(98, 'Cindy Hart', 'Barr@example.com'),
(99, 'Nicola Counts', 'pjrf2649@nowhere.com'),
(100, 'Rosario Shumaker', 'msmftbst_gxvrh@example.com');

--
-- Inserting data into table materials
--
INSERT INTO materials(id, name) VALUES
(1, 'B001UFTA3S'),
(2, 'B00IT89R9B'),
(3, 'B006BGZ0IQ'),
(4, 'B004LH8NU9'),
(5, 'B005007UP0'),
(6, 'B00X23E7E0'),
(7, 'B000W3R5H4'),
(8, 'B0023EW3P7'),
(9, 'B00GJ5588G'),
(10, 'B000OXZ00T'),
(11, 'B00OJ7THA0'),
(12, 'B00U13K551'),
(13, 'B00C53869X'),
(14, 'B0088FZE21'),
(15, 'B006G43RL6'),
(16, 'B0043851OM'),
(17, 'B003Z44N55'),
(18, 'B004E86G81'),
(19, 'B003R08306'),
(20, 'B005N521R3'),
(21, 'B005G4IM6P'),
(22, 'B00Q3738EZ'),
(23, 'B0083C1065'),
(24, 'B00CIUWPD5'),
(25, 'B0026NE763'),
(26, 'B009Z1L50N'),
(27, 'B008W6EA1H'),
(28, 'B0087EGZD2'),
(29, 'B003W37B2G'),
(30, 'B000476608'),
(31, 'B0051590Z7'),
(32, 'B00WBPGS72'),
(33, 'B003VN56Q8'),
(34, 'B007W99VG8'),
(35, 'B00D9INZ68'),
(36, 'B005548727'),
(37, 'B003WL3Y39'),
(38, 'B00O9SBQF1'),
(39, 'B00YFC2L5T'),
(40, 'B0082RVV17'),
(41, 'B008S47GMW'),
(42, 'B00MF24GBS'),
(43, 'B00EDK5KI9'),
(44, 'B00BA5HF65'),
(45, 'B000NBS80I'),
(46, 'B00G8P82W8'),
(47, 'B00I793R2W'),
(48, 'B00Q44R8VA'),
(49, 'B00P425YQI'),
(50, 'B005HVB146'),
(51, 'B001Y38O05'),
(52, 'B00X2731AH'),
(53, 'B003HF329P'),
(54, 'B00FL352WH'),
(55, 'B0035S8535'),
(56, 'B009C9SYN9'),
(57, 'B007LN582S'),
(58, 'B00RB387J5'),
(59, 'B003W451MG'),
(60, 'B002X35UEI'),
(61, 'B001925HKM'),
(62, 'B008793Q37'),
(63, 'B00V0ZI013'),
(64, 'B00Z616PFN'),
(65, 'B00SW8LXFI'),
(66, 'B00R1R3JC5'),
(67, 'B00UH0F2M2'),
(68, 'B00U40M5J3'),
(69, 'B00IK6Y3XB'),
(70, 'B00FVS8OWY'),
(71, 'B00SC1NR5M'),
(72, 'B00035PBCL'),
(73, 'B00590HBG0'),
(74, 'B001GD5D42'),
(75, 'B00JQA95J9'),
(76, 'B001P3KX8V'),
(77, 'B008Z02P11'),
(78, 'B002W9FDD6'),
(79, 'B00I703TG7'),
(80, 'B00MN879C9'),
(81, 'B001K1MF93'),
(82, 'B0086M9D28'),
(83, 'B0086I068O'),
(84, 'B00MXS4A23'),
(85, 'B00J9OQ8DO'),
(86, 'B00M01F38G'),
(87, 'B00SCY282L'),
(88, 'B005M27G86'),
(89, 'B00V4NT3Y8'),
(90, 'B00F0M37MF'),
(91, 'B00J4079VK'),
(92, 'B00CVJEU20'),
(93, 'B003723N4I'),
(94, 'B001392FLW'),
(95, 'B0055WN8RL'),
(96, 'B00CI3408R'),
(97, 'B0093GVE6T'),
(98, 'B00741A86D'),
(99, 'B003S851X2'),
(100, 'B0032U331A');

--
-- Inserting data into table professions
--
INSERT INTO professions(id, name) VALUES
(1, 'Foreman'),
(2, 'Worker'),
(3, 'Carpenter'),
(4, 'Painter'),
(5, 'Tinker'),
(6, 'Foreman'),
(7, 'Worker'),
(8, 'Carpenter'),
(9, 'Painter'),
(10, 'Tinker'),
(11, 'Foreman'),
(12, 'Worker'),
(13, 'Carpenter'),
(14, 'Painter'),
(15, 'Tinker'),
(16, 'Foreman'),
(17, 'Worker'),
(18, 'Carpenter'),
(19, 'Painter'),
(20, 'Tinker'),
(21, 'Foreman'),
(22, 'Worker'),
(23, 'Carpenter'),
(24, 'Painter'),
(25, 'Tinker'),
(26, 'Foreman'),
(27, 'Worker'),
(28, 'Carpenter'),
(29, 'Painter'),
(30, 'Tinker'),
(31, 'Foreman'),
(32, 'Worker'),
(33, 'Carpenter'),
(34, 'Painter'),
(35, 'Tinker'),
(36, 'Foreman'),
(37, 'Worker'),
(38, 'Carpenter'),
(39, 'Painter'),
(40, 'Tinker'),
(41, 'Foreman'),
(42, 'Worker'),
(43, 'Carpenter'),
(44, 'Painter'),
(45, 'Tinker'),
(46, 'Foreman'),
(47, 'Worker'),
(48, 'Carpenter'),
(49, 'Painter'),
(50, 'Tinker'),
(51, 'Foreman'),
(52, 'Worker'),
(53, 'Carpenter'),
(54, 'Painter'),
(55, 'Tinker'),
(56, 'Foreman'),
(57, 'Worker'),
(58, 'Carpenter'),
(59, 'Painter'),
(60, 'Tinker'),
(61, 'Foreman'),
(62, 'Worker'),
(63, 'Carpenter'),
(64, 'Painter'),
(65, 'Tinker'),
(66, 'Foreman'),
(67, 'Worker'),
(68, 'Carpenter'),
(69, 'Painter'),
(70, 'Tinker'),
(71, 'Foreman'),
(72, 'Worker'),
(73, 'Carpenter'),
(74, 'Painter'),
(75, 'Tinker'),
(76, 'Foreman'),
(77, 'Worker'),
(78, 'Carpenter'),
(79, 'Painter'),
(80, 'Tinker'),
(81, 'Foreman'),
(82, 'Worker'),
(83, 'Carpenter'),
(84, 'Painter'),
(85, 'Tinker'),
(86, 'Foreman'),
(87, 'Worker'),
(88, 'Carpenter'),
(89, 'Painter'),
(90, 'Tinker'),
(91, 'Foreman'),
(92, 'Worker'),
(93, 'Carpenter'),
(94, 'Painter'),
(95, 'Tinker'),
(96, 'Foreman'),
(97, 'Worker'),
(98, 'Carpenter'),
(99, 'Painter'),
(100, 'Tinker');

--
-- Inserting data into table workers
--
INSERT INTO workers(id, name) VALUES
(1, 'Nestor'),
(2, 'Lonnie'),
(3, 'Rich'),
(4, 'Drew'),
(5, 'Taylor'),
(6, 'Neville'),
(7, 'Lonny'),
(8, 'Hollis'),
(9, 'Joshua'),
(10, 'Fritz'),
(11, 'Richard'),
(12, 'Ted'),
(13, 'Newton'),
(14, 'Duane'),
(15, 'Gabriel'),
(16, 'Homer'),
(17, 'Dudley'),
(18, 'Richie'),
(19, 'Gail'),
(20, 'Andrea'),
(21, 'Loren'),
(22, 'Duncan'),
(23, 'Gale'),
(24, 'Nicholas'),
(25, 'Josiah'),
(26, 'Teddy'),
(27, 'Rick'),
(28, 'Hong'),
(29, 'Teodoro'),
(30, 'Carmelo'),
(31, 'Jospeh'),
(32, 'Dustin'),
(33, 'Horace'),
(34, 'Josue'),
(35, 'Horacio'),
(36, 'Juan'),
(37, 'Hosea'),
(38, 'Galen'),
(39, 'Lorenzo'),
(40, 'Andreas'),
(41, 'Rickey'),
(42, 'Carmen'),
(43, 'Terence'),
(44, 'Jude'),
(45, 'Dusty'),
(46, 'Garfield'),
(47, 'Dwain'),
(48, 'Andres'),
(49, 'Carmine'),
(50, 'Garland'),
(51, 'Nick'),
(52, 'Houston'),
(53, 'Rickie'),
(54, 'Judson'),
(55, 'Howard'),
(56, 'Terrance'),
(57, 'Jules'),
(58, 'Hoyt'),
(59, 'Ricky'),
(60, 'Andrew'),
(61, 'Dwayne'),
(62, 'Carol'),
(63, 'Garret'),
(64, 'Terrell'),
(65, 'Julian'),
(66, 'Dwight'),
(67, 'Louie'),
(68, 'Garrett'),
(69, 'Rico'),
(70, 'Hubert'),
(71, 'Nickolas'),
(72, 'Louis'),
(73, 'Terrence'),
(74, 'Andy'),
(75, 'Rigoberto'),
(76, 'Julio'),
(77, 'Huey'),
(78, 'Terry'),
(79, 'Julius'),
(80, 'Dylan'),
(81, 'Carrol'),
(82, 'Riley'),
(83, 'Hugh'),
(84, 'Angel'),
(85, 'Carroll'),
(86, 'Nicky'),
(87, 'Junior'),
(88, 'Lowell'),
(89, 'Angelo'),
(90, 'Carson'),
(91, 'Nicolas'),
(92, 'Anibal'),
(93, 'Loyd'),
(94, 'Hugo'),
(95, 'Nigel'),
(96, 'Thad'),
(97, 'Lucas'),
(98, 'Carter'),
(99, 'Anthony'),
(100, 'Cary');

--
-- Inserting data into table objects
--
INSERT INTO objects(id, name, price, client_id, spending, finished, begin, end) VALUES
(1, 'First Green Power Corp.', 211, 74, 654, 1, '2013-08-18', '2016-06-30'),
(2, 'Flexible Consulting Corporation', 71, 60, 255, 1, '2014-04-09', '2015-11-12'),
(3, 'Canadian Security Inc.', 1064, 21, 74, 0, '2015-03-07', '2016-08-12'),
(4, 'Beyond Renewable Power Corporation', 729, 78, 113, 1, '2013-09-18', '2016-07-11'),
(5, 'WorldWide Space Explore Corporation', 825, 34, 1758, 1, '2015-10-30', '2015-12-26'),
(6, 'Advanced X-Mobile Inc.', 1159, 14, 679, 1, '2015-05-24', '2016-06-21'),
(7, 'General Explore Co.', 341, 63, 97, 1, '2014-08-14', '2016-01-18'),
(8, 'Professional Instruments Co.', 258, 89, 1130, 0, '2013-11-11', '2015-12-06'),
(9, 'First 5D Electronic Corporation', 1674, 12, 410, 1, '2014-12-23', '2016-02-01'),
(10, 'National K-Mobile Group', 595, 20, 403, 1, '2014-10-06', '2016-04-02'),
(11, 'City Materials Inc.', 1199, 8, 302, 1, '2015-02-09', '2016-08-29'),
(12, 'Western Space Research Corp.', 746, 4, 2394, 0, '2013-09-30', '2015-12-21'),
(13, 'City Investment Group', 1087, 81, 1436, 1, '2013-08-14', '2016-04-18'),
(14, 'Professional High-Technologies Group', 406, 77, 498, 1, '2015-05-11', '2015-12-16'),
(15, 'Federal Space Explore Corporation', 18, 79, 552, 1, '2014-04-02', '2015-12-21'),
(16, 'Home High-Technologies Group', 271, 33, 581, 0, '2013-11-05', '2016-01-12'),
(17, 'WorldWide Heating Inc.', 625, 26, 1099, 1, '2015-10-29', '2016-09-10'),
(18, 'East Space Explore Inc.', 959, 88, 317, 0, '2013-11-03', '2016-01-14'),
(19, 'WorldWide High-Technologies Inc.', 452, 83, 122, 0, '2014-12-13', '2016-06-14'),
(20, 'WorldWide Space Research Corporation', 203, 13, 2059, 1, '2014-08-04', '2015-11-10'),
(21, 'Beyond Trust Inc.', 86, 28, 274, 1, '2014-10-25', '2015-12-28'),
(22, 'National Space Research Co.', 813, 2, 273, 1, '2015-09-09', '2015-11-10'),
(23, 'Global Health Co.', 2011, 36, 1529, 1, '2013-11-11', '2016-09-08'),
(24, 'Home Transport Group', 220, 97, 1623, 1, '2013-11-05', '2015-12-15'),
(25, 'City High-Technologies Inc.', 1560, 93, 175, 0, '2014-11-02', '2016-06-09'),
(26, 'North Systems Inc.', 283, 76, 887, 1, '2014-03-29', '2016-05-06'),
(27, 'Professional S-Mobile Group', 214, 91, 963, 1, '2013-12-01', '2015-12-26'),
(28, 'Flexible Materials Co.', 618, 7, 617, 1, '2013-08-18', '2015-11-06'),
(29, 'Federal Space Research Group', 1559, 57, 1114, 1, '2013-08-30', '2016-02-03'),
(30, 'North Media Co.', 1057, 62, 1454, 1, '2013-10-20', '2016-01-17'),
(31, 'South High-Technologies Inc.', 2308, 15, 1596, 1, '2014-05-25', '2016-01-25'),
(32, 'Canadian High-Technologies Inc.', 355, 10, 92, 1, '2015-08-30', '2016-01-30'),
(33, 'Creative High-Technologies Inc.', 1622, 83, 189, 1, '2014-04-08', '2016-03-22'),
(34, 'Federal Development Co.', 939, 85, 545, 1, '2013-11-18', '2015-12-10'),
(35, 'Global G-Mobile Corporation', 1184, 94, 640, 1, '2013-11-16', '2015-12-18'),
(36, 'General High-Technologies Corporation', 1630, 56, 1042, 0, '2014-09-20', '2016-02-26'),
(37, 'Domestic Space Research Corporation', 480, 89, 630, 1, '2015-03-27', '2015-12-09'),
(38, 'Pacific Business Corporation', 1907, 99, 308, 1, '2013-11-21', '2015-11-07'),
(39, 'City Consulting Corporation', 1904, 48, 709, 0, '2014-11-05', '2015-11-09'),
(40, 'Special Logics Inc.', 39, 6, 887, 1, '2014-03-26', '2016-05-02'),
(41, 'Global Engineering Co.', 1005, 18, 614, 0, '2015-10-11', '2016-03-21'),
(42, 'Domestic Space Research Group', 616, 77, 271, 1, '2013-11-27', '2015-12-27'),
(43, 'Australian High-Technologies Group', 170, 73, 297, 0, '2014-08-13', '2016-01-11'),
(44, 'Beyond Space Explore Corporation', 1948, 90, 602, 1, '2014-09-13', '2015-12-22'),
(45, 'First High-Technologies Corporation', 1745, 65, 387, 1, '2014-03-06', '2015-12-09'),
(46, 'Flexible A-Mobile Group', 1318, 38, 367, 1, '2013-08-13', '2016-09-20'),
(47, 'Beyond Petroleum Inc.', 96, 49, 977, 1, '2015-06-07', '2015-12-13'),
(48, 'Canadian P-Mobile Corporation', 81, 91, 1451, 1, '2015-04-01', '2015-12-29'),
(49, 'General Space Explore Corporation', 1513, 17, 275, 1, '2014-08-16', '2016-09-28'),
(50, 'Future I-Mobile Group', 1258, 72, 78, 1, '2014-01-15', '2016-02-20'),
(51, 'Australian Security Inc.', 38, 77, 1223, 0, '2013-09-30', '2015-11-02'),
(52, 'Flexible Media Inc.', 85, 55, 129, 1, '2014-12-01', '2016-06-02'),
(53, 'Australian Equipment Group', 370, 85, 1470, 0, '2015-05-02', '2016-03-24'),
(54, 'Domestic V-Mobile Co.', 1178, 25, 693, 1, '2015-07-01', '2015-12-14'),
(55, 'First Partners Corp.', 355, 77, 118, 0, '2014-01-14', '2016-01-01'),
(56, 'American K-Mobile Co.', 477, 65, 278, 0, '2014-08-18', '2016-06-19'),
(57, 'General Oil Group', 411, 51, 1312, 1, '2014-03-26', '2016-06-29'),
(58, 'Federal High-Technologies Co.', 179, 21, 469, 0, '2014-06-11', '2016-01-11'),
(59, 'Federal V-Mobile Group', 957, 40, 599, 1, '2013-11-05', '2016-08-15'),
(60, 'Federal Natural Gas Energy Co.', 2016, 64, 1571, 1, '2013-10-04', '2016-01-09'),
(61, 'Professional Devices Corporation', 808, 5, 1208, 1, '2015-08-27', '2015-12-26'),
(62, 'East Automotive Corporation', 1161, 99, 226, 0, '2013-10-01', '2016-08-04'),
(63, 'American Z-Mobile Corporation', 470, 76, 635, 1, '2014-02-15', '2016-01-18'),
(64, 'First H-Mobile Group', 1202, 41, 2313, 0, '2014-10-01', '2016-09-28'),
(65, 'East Laboratories Group', 870, 82, 870, 1, '2014-03-19', '2016-10-12'),
(66, 'Future Q-Mobile Inc.', 1580, 75, 380, 1, '2014-04-14', '2015-12-11'),
(67, 'Home Nuclear Energy Corporation', 294, 90, 793, 1, '2013-11-02', '2016-02-07'),
(68, 'Pacific Mobile Corporation', 137, 79, 1080, 1, '2013-11-06', '2016-09-19'),
(69, 'Union Broadcasting Group', 461, 22, 68, 1, '2014-02-24', '2016-05-31'),
(70, 'East High-Technologies Corporation', 1443, 83, 443, 1, '2013-11-14', '2016-02-06'),
(71, 'Domestic D-Mobile Group', 1128, 44, 984, 1, '2015-10-31', '2015-12-15'),
(72, 'Future X-Mobile Inc.', 904, 45, 933, 1, '2014-02-13', '2015-11-02'),
(73, 'Domestic Services Inc.', 719, 11, 841, 0, '2014-09-04', '2016-01-08'),
(74, 'Special 3G Wireless Corp.', 1961, 99, 1520, 1, '2014-03-05', '2015-12-30'),
(75, 'Future Delivery Corporation', 1157, 69, 252, 1, '2014-04-23', '2016-01-19'),
(76, 'Domestic Space Explore Inc.', 1822, 74, 106, 1, '2014-07-08', '2015-11-05'),
(77, 'North Space Explore Corp.', 794, 42, 1276, 0, '2013-11-02', '2016-03-17'),
(78, 'Canadian I-Mobile Inc.', 318, 17, 954, 0, '2015-05-06', '2016-01-05'),
(79, 'Future P-Mobile Inc.', 1542, 49, 1002, 1, '2015-03-13', '2016-05-12'),
(80, 'Flexible Cars Corp.', 1143, 43, 463, 1, '2013-12-21', '2016-09-11'),
(81, 'National Mining Corp.', 1826, 43, 372, 1, '2015-09-10', '2015-12-15'),
(82, 'WorldWide 4G Wireless Inc.', 680, 26, 531, 1, '2015-07-20', '2016-06-30'),
(83, 'Union Telemetrics Corporation', 455, 75, 1287, 1, '2013-08-23', '2015-12-29'),
(84, 'Special C-Mobile Inc.', 346, 17, 195, 0, '2015-09-16', '2016-02-14'),
(85, 'Global Mining Corp.', 326, 37, 552, 0, '2014-09-26', '2015-11-02'),
(86, 'North Mining Corporation', 168, 94, 1309, 1, '2013-09-11', '2016-07-30'),
(87, 'East High-Technologies Inc.', 386, 24, 684, 1, '2013-11-19', '2015-12-10'),
(88, 'Federal Foods Corporation', 466, 41, 384, 1, '2014-11-08', '2016-08-23'),
(89, 'American Wave Energy Co.', 1710, 57, 166, 1, '2014-07-28', '2016-01-21'),
(90, 'North F-Mobile Inc.', 587, 23, 396, 0, '2013-12-19', '2015-12-25'),
(91, 'Home V-Mobile Corp.', 1038, 33, 404, 1, '2015-01-28', '2015-12-11'),
(92, 'Creative Transportation Group', 1293, 69, 317, 0, '2014-09-03', '2016-07-09'),
(93, 'WorldWide High-Technologies Corp.', 357, 38, 1376, 1, '2013-08-15', '2016-01-04'),
(94, 'Pacific R-Mobile Inc.', 231, 90, 131, 0, '2013-11-13', '2016-02-02'),
(95, 'Creative Data Corporation', 264, 17, 664, 0, '2014-03-21', '2016-09-29'),
(96, 'Advanced Wind Power Inc.', 139, 81, 275, 1, '2014-03-23', '2016-01-13'),
(97, 'International J-Mobile Inc.', 1048, 72, 656, 0, '2014-04-15', '2016-07-16'),
(98, 'International High-Technologies Corp.', 464, 24, 765, 0, '2013-08-18', '2016-04-11'),
(99, 'First High-Technologies Inc.', 1015, 91, 963, 1, '2015-08-18', '2016-04-14'),
(100, 'Global Space Explore Co.', 211, 34, 808, 1, '2013-11-09', '2016-01-07');

--
-- Inserting data into table purchases
--
INSERT INTO purchases(id, cost, count, object_id, material_id) VALUES
(1, 512.41, 41.004, 72, 96),
(2, 443.34, 34.003, 1, 44),
(3, 551, 45, 77, 26),
(4, 410.31, 31.003, 72, 83),
(5, 261.16, 16.002, 89, 28),
(6, 280, 18, 80, 5),
(7, 404.31, 30.003, 96, 23),
(8, 362.26, 26.003, 38, 85),
(9, 990, 0.000, 67, 96),
(10, 717.62, 61.006, 96, 82),
(11, 990, 0.009, 48, 89),
(12, 990, 0.204, 16, 63),
(13, 244.15, 14.001, 53, 58),
(14, 402.30, 30.003, 10, 78),
(15, 323.22, 22.002, 43, 57),
(16, 990, 0.011, 97, 73),
(17, 990, 0.055, 73, 97),
(18, 436.34, 33.003, 58, 76),
(19, 990, 0.055, 32, 32),
(20, 528.43, 42.004, 45, 88),
(21, 990, 0.980, 51, 49),
(22, 322.22, 22.002, 86, 78),
(23, 932, 83, 8, 87),
(24, 529.56, 52.956, 62, 13),
(25, 998.90, 89.009, 24, 82),
(26, 390.29, 29.003, 77, 75),
(27, 990, 0.618, 34, 99),
(28, 432.33, 33.003, 65, 6),
(29, 303.20, 20.002, 62, 54),
(30, 231.21, 23.121, 71, 56),
(31, 314.22, 21.002, 2, 20),
(32, 426.33, 32.003, 94, 51),
(33, 446.35, 34.003, 67, 44),
(34, 528.43, 42.004, 59, 12),
(35, 292.19, 19.002, 7, 4),
(36, 607.51, 50.005, 34, 87),
(37, 191.92, 92.009, 44, 95),
(38, 259.16, 16.002, 40, 4),
(39, 372.27, 27.003, 56, 31),
(40, 345.25, 24.002, 84, 20),
(41, 215.12, 11.001, 25, 94),
(42, 268.17, 16.002, 14, 1),
(43, 264.17, 16.002, 9, 27),
(44, 775.06, 77.506, 100, 40),
(45, 990, 0.052, 3, 87),
(46, 452.35, 35.004, 85, 81),
(47, 366.27, 26.003, 47, 75),
(48, 403.30, 30.003, 97, 64),
(49, 199.00, 99, 58, 36),
(50, 820.71, 82.071, 25, 62),
(51, 964.90, 96.490, 12, 82),
(52, 445.35, 34.003, 99, 22),
(53, 608.51, 50.005, 63, 1),
(54, 664.57, 56.006, 1, 28),
(55, 449.35, 35.004, 76, 33),
(56, 523, 42, 87, 27),
(57, 347.25, 24.002, 49, 55),
(58, 990, 0.004, 48, 93),
(59, 990, 0.076, 2, 62),
(60, 427.33, 32.003, 68, 75),
(61, 351.25, 25.003, 4, 58),
(62, 946.85, 84.008, 14, 75),
(63, 783, 68, 84, 60),
(64, 685.84, 68.584, 6, 94),
(65, 535.44, 43.004, 16, 26),
(66, 237.14, 13.001, 94, 14),
(67, 990, 0.105, 47, 54),
(68, 990, 0.020, 70, 35),
(69, 373.27, 27.003, 100, 9),
(70, 567.47, 46.005, 83, 66),
(71, 210.11, 11.001, 44, 18),
(72, 990, 0.019, 24, 58),
(73, 642.54, 54.005, 26, 63),
(74, 990, 0.036, 85, 95),
(75, 238.14, 13.001, 3, 15),
(76, 990, 0.326, 92, 54),
(77, 317.22, 21.002, 52, 84),
(78, 197.99, 98.010, 75, 100),
(79, 790.69, 69.007, 25, 89),
(80, 252.15, 15.002, 82, 83),
(81, 789, 69, 34, 70),
(82, 685, 58, 58, 28),
(83, 274.18, 17.002, 15, 95),
(84, 248.15, 14.001, 17, 12),
(85, 990, 0.004, 40, 27),
(86, 108, 9.119, 41, 84),
(87, 651.55, 55.006, 97, 65),
(88, 186.34, 18.634, 9, 80),
(89, 475.38, 37.004, 100, 34),
(90, 575.48, 47.005, 78, 75),
(91, 274, 17, 45, 98),
(92, 711.61, 61.006, 6, 31),
(93, 400.30, 30.003, 8, 24),
(94, 997.90, 89.009, 47, 49),
(95, 524.43, 42.004, 51, 65),
(96, 295.20, 19.002, 48, 2),
(97, 192.94, 93.009, 34, 31),
(98, 855.69, 85.569, 47, 21),
(99, 101, 2.037, 93, 35),
(100, 272.17, 17.002, 4, 94);

--
-- Inserting data into table salary
--
INSERT INTO salary(id, object_id, worker_id, type, salary, prof_id) VALUES
(1, 63, 83, 0, 654.15, 10),
(2, 79, 87, 1, 994.49, 10),
(3, 32, 41, 1, 549, 11),
(4, 98, 89, 1, 509, 48),
(5, 62, 88, 0, 612.11, 35),
(6, 83, 33, 0, 760.26, 35),
(7, 54, 54, 1, 526, 57),
(8, 4, 15, 1, 557.58, 55),
(9, 69, 42, 0, 877.38, 79),
(10, 1, 91, 1, 855.36, 14),
(11, 98, 31, 1, 506, 81),
(12, 46, 73, 0, 824.32, 36),
(13, 47, 56, 1, 514, 13),
(14, 26, 79, 0, 551.51, 71),
(15, 10, 72, 0, 566.66, 21),
(16, 89, 17, 1, 583.83, 1),
(17, 69, 49, 1, 768.27, 81),
(18, 74, 16, 0, 576.77, 82),
(19, 61, 25, 0, 680.18, 70),
(20, 42, 97, 1, 585.86, 92),
(21, 51, 1, 0, 500, 68),
(22, 23, 7, 0, 500, 51),
(23, 25, 32, 1, 671.17, 98),
(24, 24, 71, 0, 991.49, 94),
(25, 32, 95, 1, 816.32, 37),
(26, 57, 30, 0, 690.19, 4),
(27, 84, 49, 0, 683.18, 34),
(28, 74, 31, 0, 702.20, 76),
(29, 25, 32, 0, 500, 39),
(30, 52, 37, 0, 738.24, 37),
(31, 66, 32, 1, 992.49, 70),
(32, 75, 19, 0, 650.15, 51),
(33, 25, 38, 0, 561.61, 51),
(34, 24, 81, 1, 932.43, 34),
(35, 78, 75, 1, 501, 57),
(36, 24, 92, 1, 670.17, 57),
(37, 11, 54, 0, 500, 46),
(38, 73, 37, 0, 500, 18),
(39, 89, 24, 0, 983.48, 59),
(40, 27, 43, 1, 652.15, 15),
(41, 43, 44, 0, 559.59, 69),
(42, 49, 44, 0, 583.83, 71),
(43, 64, 25, 0, 509, 3),
(44, 7, 50, 1, 671.17, 86),
(45, 60, 100, 1, 500, 81),
(46, 13, 80, 0, 856.36, 72),
(47, 70, 58, 1, 614.11, 81),
(48, 76, 87, 0, 512, 94),
(49, 37, 79, 0, 661.16, 5),
(50, 6, 74, 1, 508, 51),
(51, 75, 16, 1, 854.20, 81),
(52, 96, 15, 1, 706.21, 98),
(53, 47, 57, 1, 900.40, 19),
(54, 70, 89, 1, 685.19, 96),
(55, 37, 62, 0, 800.30, 91),
(56, 84, 52, 1, 744.24, 45),
(57, 49, 67, 0, 943.44, 33),
(58, 10, 67, 0, 995.50, 8),
(59, 55, 92, 0, 500, 4),
(60, 53, 24, 1, 500, 79),
(61, 68, 86, 0, 609.11, 64),
(62, 89, 78, 0, 557.58, 55),
(63, 15, 83, 0, 728.23, 35),
(64, 50, 86, 1, 901.40, 59),
(65, 96, 15, 1, 906, 25),
(66, 93, 37, 0, 500, 73),
(67, 49, 20, 1, 754.25, 35),
(68, 64, 53, 0, 562.63, 82),
(69, 77, 62, 1, 577.78, 18),
(70, 49, 32, 1, 586.87, 75),
(71, 15, 5, 1, 716.22, 22),
(72, 20, 23, 1, 541, 93),
(73, 87, 52, 1, 710.21, 85),
(74, 9, 39, 1, 950.16, 5),
(75, 54, 42, 0, 500, 74),
(76, 92, 98, 0, 500, 87),
(77, 7, 50, 1, 604.10, 58),
(78, 33, 98, 1, 556.56, 47),
(79, 73, 98, 0, 500, 66),
(80, 84, 26, 0, 640.14, 7),
(81, 73, 89, 0, 642.14, 96),
(82, 59, 41, 1, 786.29, 12),
(83, 27, 92, 0, 903.40, 32),
(84, 31, 94, 1, 580.80, 48),
(85, 57, 56, 1, 500, 22),
(86, 86, 45, 0, 500, 95),
(87, 61, 73, 1, 865.37, 86),
(88, 79, 46, 1, 574.75, 80),
(89, 73, 19, 1, 887.39, 37),
(90, 84, 45, 1, 502, 17),
(91, 47, 41, 1, 500, 18),
(92, 55, 4, 1, 653.15, 44),
(93, 39, 87, 1, 667.17, 18),
(94, 26, 92, 0, 561.61, 6),
(95, 6, 84, 0, 750.25, 14),
(96, 81, 91, 0, 528, 89),
(97, 3, 32, 1, 564.64, 72),
(98, 68, 14, 1, 636.14, 81),
(99, 25, 3, 1, 762.26, 9),
(100, 68, 62, 1, 748.25, 68);
